emoji,emoji_unicode,emoji_description_hyphen,emoji_description_space,translated_description
âŒš,0x231a,watch,watch,æ‰‹è¡¨
âŒ›,0x231b,hourglass-done,hourglass done,æ²™æ¼å®Œæˆ
â°,23F0,alarm-clock,alarm clock,é—¹é’Ÿ
â³,23F3,hourglass-not-done,hourglass not done,æ²™æ¼æœªå®Œæˆ
â—½,0x25fd,white-medium-small-square,white medium small square,ç™½è‰²ä¸­å°æ­£æ–¹å½¢
â—¾,0x25fe,black-medium-small-square,black medium small square,é»‘è‰²ä¸­å·å°æ–¹å—
â˜”,0x2614,umbrella-with-rain-drops,umbrella with rain drops,æœ‰é›¨æ»´çš„é›¨ä¼
â˜•,0x2615,hot-beverage,hot beverage,çƒ­é¥®
â™ˆ,0x2648,Aries,Aries,ç™½ç¾Šåº§
â™‰,0x2649,Pisces,Pisces,åŒé±¼åº§
â™¿,267F,wheelchair-symbol,wheelchair symbol,è½®æ¤…ç¬¦å·
âš“,2693,anchor,anchor,é”š
âš¡,26A1,high-voltage,high voltage,é«˜å‹
âšª,0x26aa,white-circle,white circle,ç™½è‰²åœ†åœˆ
âš«,0x26ab,black-circle,black circle,é»‘è‰²åœ†åœˆ
âš½,0x26bd,soccer-ball,soccer ball,è¶³çƒ
âš¾,0x26be,baseball,baseball,æ£’çƒ
â›„,0x26c4,snowman-without-snow,snowman without snow,æ²¡æœ‰é›ªçš„é›ªäºº
â›…,0x26c5,sun-behind-cloud,sun behind cloud,äº‘å±‚åé¢çš„å¤ªé˜³
â›,26CE,Ophiuchus,Ophiuchus,è›‡å¤«åº§
â›”,26D4,no-entry,no entry,ç¦æ­¢é©¶å…¥
â›ª,26EA,church,church,æ•™ä¼š
â›²,0x26f2,fountain,fountain,å–·æ³‰
â›³,0x26f3,flag-in-hole,flag in hole,æ——å­æ’åœ¨æ´é‡Œ
â›µ,26F5,sailboat,sailboat,å¸†èˆ¹
â›º,26FA,tent,tent,å¸ç¯·
â›½,26FD,fuel-pump,fuel pump,ç‡ƒæ²¹æ³µ
âœŠ,0x270a,raised-fist,raised fist,ä¸¾èµ·æ‹³å¤´
âœ‹,0x270b,raised-hand,raised hand,ä¸¾èµ·æ‰‹
âœ¨,2728,sparkles,sparkles,é—ªé—ªå‘å…‰
âŒ,274C,cross-mark,cross mark,åå­—æ ‡è®°
â“,0x2753,red-question-mark,red question mark,çº¢è‰²é—®å·
â”,0x2754,white-exclamation-mark,white exclamation mark,ç™½è‰²æ„Ÿå¹å·
â—,2757,red-exclamation-mark,red exclamation mark,çº¢è‰²æ„Ÿå¹å·
â•,0x2795,plus,plus,åŠ 
â–,0x2796,divide,divide,åˆ’åˆ†
â°,27B0,curly-loop,curly loop,å·æ›²ç¯
â¿,27BF,double-curly-loop,double curly loop,åŒå·æ›²ç¯
â¬›,0x2b1b,black-large-square,black large square,é»‘è‰²å¤§æ–¹å—
â¬œ,0x2b1c,white-large-square,white large square,ç™½è‰²å¤§æ­£æ–¹å½¢
â­,2B50,star,star,æ˜Ÿæ˜Ÿ
â­•,2B55,hollow-red-circle,hollow red circle,ç©ºå¿ƒçº¢è‰²åœ†åœˆ
ğŸ€„,1F004,mahjong-red-dragon,mahjong red dragon,éº»å°†çº¢é¾™
ğŸƒ,1F0CF,joker,joker,å°ä¸‘
ğŸŒ€,0x1f300,cyclone,cyclone,æ°”æ—‹
ğŸŒ,0x1f301,milky-way,milky way,é“¶æ²³ç³»
ğŸŒ,0x1f30d,globe-showing-Europe-Africa,globe showing Europe Africa,æ˜¾ç¤ºæ¬§æ´²éæ´²çš„åœ°çƒä»ª
ğŸŒ,0x1f30e,globe-showing-Americas,globe showing Americas,æ˜¾ç¤ºç¾æ´²çš„åœ°çƒä»ª
ğŸŒ,1F30F,globe-showing-Asia-Australia,globe showing Asia Australia,æ˜¾ç¤ºäºšæ´²æ¾³å¤§åˆ©äºšçš„åœ°çƒä»ª
ğŸŒ,1F310,globe-with-meridians,globe with meridians,æœ‰ç»ç»œçš„åœ°çƒä»ª
ğŸŒ‘,1F311,new-moon,new moon,æ–°æœˆ
ğŸŒ’,1F312,waxing-crescent-moon,waxing crescent moon,ä¸Šå¼¦æœˆ
ğŸŒ“,0x1f313,first-quarter-moon,first quarter moon,ä¸Šå¼¦æœˆ
ğŸŒ”,0x1f314,full-moon,full moon,æ»¡æœˆ
ğŸŒ–,0x1f316,waning-gibbous-moon,waning gibbous moon,äºå‡¸æœˆ
ğŸŒ—,0x1f317,waning-crescent-moon,waning crescent moon,æ®‹æœˆ
ğŸŒ™,1F319,crescent-moon,crescent moon,æ–°æœˆ
ğŸŒš,1F31A,new-moon-face,new moon face,æ–°æœˆè„¸
ğŸŒ›,1F31B,first-quarter-moon-face,first quarter moon face,ä¸Šå¼¦æœˆè„¸
ğŸŒœ,1F31C,last-quarter-moon-face,last quarter moon face,ä¸‹å¼¦æœˆè„¸
ğŸŒ,0x1f31d,full-moon-face,full moon face,æ»¡æœˆè„¸
ğŸŒ,0x1f31e,sun-with-face,sun with face,å¤ªé˜³ä¸è„¸
ğŸŒŸ,0x1f31f,glowing-star,glowing star,å‘å…‰çš„æ˜Ÿæ˜Ÿ
ğŸŒ ,0x1f320,shooting-star,shooting star,æµæ˜Ÿ
ğŸŒ­,0x1f32d,hot-dog,hot dog,çƒ­ç‹—
ğŸŒ®,0x1f32e,burrito,burrito,å¢¨è¥¿å“¥å·é¥¼
ğŸŒ°,0x1f330,chestnut,chestnut,æ¿æ —
ğŸŒ±,0x1f331,seedling,seedling,å¹¼è‹—
ğŸŒ²,0x1f332,evergreen-tree,evergreen tree,å¸¸é’æ ‘
ğŸŒ³,0x1f333,deciduous-tree,deciduous tree,è½å¶æ ‘
ğŸŒ´,0x1f334,palm-tree,palm tree,æ£•æ¦ˆæ ‘
ğŸŒµ,0x1f335,cactus,cactus,ä»™äººæŒ
ğŸŒ·,0x1f337,tulip,tulip,éƒé‡‘é¦™
ğŸŒ¸,0x1f338,tangerine,tangerine,æŸ‘æ©˜
ğŸ‹,1F34B,lemon,lemon,æŸ æª¬
ğŸŒ,0x1f34c,banana,banana,é¦™è•‰
ğŸ,0x1f34d,green-apple,green apple,é’è‹¹æœ
ğŸ,1F350,pear,pear,æ¢¨
ğŸ‘,0x1f351,peach,peach,æ¡ƒ
ğŸ’,0x1f352,clinking-beer-mugs,clinking beer mugs,å®å½“ä½œå“çš„å•¤é…’æ¯
ğŸ¼,1F37C,baby-bottle,baby bottle,å©´å„¿å¥¶ç“¶
ğŸ¾,0x1f37e,bottle-with-popping-cork,bottle with popping cork,è½¯æœ¨å¡çˆ†å¼€çš„ç“¶å­
ğŸ¿,0x1f37f,popcorn,popcorn,çˆ†ç±³èŠ±
ğŸ€,0x1f380,ribbon,ribbon,ä¸å¸¦
ğŸ,0x1f381,graduation-cap,graduation cap,æ¯•ä¸šå¸½
ğŸ ,0x1f3a0,carousel-horse,carousel horse,æ—‹è½¬æœ¨é©¬
ğŸ¡,0x1f3a1,person-surfing,person surfing,å†²æµªçš„äºº
ğŸ…,1F3C5,sports-medal,sports medal,ä½“è‚²å¥–ç‰Œ
ğŸ†,1F3C6,trophy,trophy,æ¯
ğŸ‡,1F3C7,horse-racing,horse racing,èµ›é©¬
ğŸˆ,1F3C8,american-football,american football,ç¾å¼è¶³çƒ
ğŸ‰,1F3C9,rugby-football,rugby football,æ©„æ¦„çƒ
ğŸŠ,1F3CA,person-swimming,person swimming,æ¸¸æ³³çš„äºº
ğŸ,0x1f3cf,cricket-game,cricket game,æ¿çƒæ¯”èµ›
ğŸ,0x1f3d0,ping-pong,ping pong,ä¹’ä¹“
ğŸ ,0x1f3e0,house,house,æˆ¿å­
ğŸ¡,0x1f3e1,Japanese-post-office,Japanese post office,æ—¥æœ¬é‚®å±€
ğŸ¤,1F3E4,post-office,post office,é‚®å±€
ğŸ¥,0x1f3e5,hospital,hospital,åŒ»é™¢
ğŸ¦,0x1f3e6,castle,castle,åŸå ¡
ğŸ´,1F3F4,black-flag,black flag,é»‘æ——
ğŸ¸,0x1f3f8,badminton,badminton,ç¾½æ¯›çƒ
ğŸ¹,0x1f3f9,rabbit,rabbit,å…”å­
ğŸˆ,1F408,cat,cat,çŒ«
ğŸ‰,0x1f409,dragon,dragon,é¾™
ğŸŠ,0x1f40a,whale,whale,é²¸
ğŸŒ,0x1f40c,snail,snail,èœ—ç‰›
ğŸ,0x1f40d,horse,horse,é©¬
ğŸ,0x1f40f,ram,ram,å†…å­˜
ğŸ,0x1f410,goat,goat,å±±ç¾Š
ğŸ‘,0x1f411,ewe,ewe,å¶å­
ğŸ’,0x1f412,monkey,monkey,çŒ´
ğŸ“,1F413,rooster,rooster,å…¬é¸¡
ğŸ”,1F414,chicken,chicken,é¸¡
ğŸ•,1F415,dog,dog,ç‹—
ğŸ–,1F416,pig,pig,çŒª
ğŸ—,0x1f417,boar,boar,å…¬çŒª
ğŸ˜,0x1f418,poodle,poodle,è´µå®¾çŠ¬
ğŸª,1F42A,camel,camel,éª†é©¼
ğŸ«,0x1f42b,two-hump-camel,two hump camel,ä¸¤é©¼å³°
ğŸ¬,0x1f42c,paw-prints,paw prints,æŒå°
ğŸ‘€,1F440,eyes,eyes,çœ¼ç›
ğŸ‘‚,0x1f442,ear,ear,è€³æœµ
ğŸ‘ƒ,0x1f443,bust-in-silhouette,bust in silhouette,åŠèº«åƒçš„å‰ªå½±
ğŸ‘¥,1F465,busts-in-silhouette,busts in silhouette,åŠèº«åƒçš„å‰ªå½±
ğŸ‘¦,0x1f466,boy,boy,ç”·ç”Ÿ
ğŸ‘§,0x1f467,woman-and-man-holding-hands,woman and man holding hands,å¥³äººå’Œç”·äººæ‰‹ç‰µç€æ‰‹
ğŸ‘¬,0x1f46c,men-holding-hands,men holding hands,ç”·äººæ‰‹ç‰µæ‰‹
ğŸ‘­,0x1f46d,women-holding-hands,women holding hands,å¦‡å¥³æ‰‹ç‰µç€æ‰‹
ğŸ‘®,0x1f46e,police-officer,police officer,è­¦å®˜
ğŸ‘¯,0x1f46f,speech-balloon,speech balloon,è¯­éŸ³æ°”çƒ
ğŸ’­,1F4AD,thought-balloon,thought balloon,æ€æƒ³æ°”çƒ
ğŸ’®,0x1f4ae,white-flower,white flower,ç™½è‰²çš„èŠ±
ğŸ’¯,0x1f4af,dollar-banknote,dollar banknote,ç¾å…ƒé’ç¥¨
ğŸ’¶,0x1f4b6,euro-banknote,euro banknote,æ¬§å…ƒçº¸å¸
ğŸ’·,0x1f4b7,pound-banknote,pound banknote,è‹±é•‘é’ç¥¨
ğŸ’¸,0x1f4b8,money-with-wings,money with wings,å¸¦ç¿…è†€çš„é’±
ğŸ’¹,0x1f4b9,closed-mailbox-with-raised-flag,closed mailbox with raised flag,å¸¦æœ‰å‡æ——çš„å°é—­é‚®ç®±
ğŸ“¬,0x1f4ec,open-mailbox-with-raised-flag,open mailbox with raised flag,æ‰“å¼€å¸¦æœ‰å‡æ——çš„é‚®ç®±
ğŸ“­,0x1f4ed,open-mailbox-with-lowered-flag,open mailbox with lowered flag,æ‰“å¼€é‚®ç®±å¹¶é™ä¸‹æ——å¸œ
ğŸ“®,1F4EE,postbox,postbox,é‚®ç®±
ğŸ“¯,1F4EF,postal-horn,postal horn,é‚®æ”¿å·è§’
ğŸ“°,0x1f4f0,newspaper,newspaper,æŠ¥çº¸
ğŸ“±,0x1f4f1,mobile-phone-off,mobile phone off,æ‰‹æœºå…³æœº
ğŸ“µ,1F4F5,no-mobile-phones,no mobile phones,æ²¡æœ‰æ‰‹æœº
ğŸ“¶,0x1f4f6,antenna-bars,antenna bars,å¤©çº¿æ£’
ğŸ“·,0x1f4f7,camera,camera,ç›¸æœº
ğŸ“¸,1F4F8,camera-with-flash,camera with flash,å¸¦é—ªå…‰ç¯çš„ç›¸æœº
ğŸ“¹,0x1f4f9,video-camera,video camera,å½•å½±æœº
ğŸ“º,0x1f4fa,videocassette,videocassette,å½•åƒå¸¦
ğŸ“¿,0x1f4ff,prayer-beads,prayer beads,å¿µç 
ğŸ”ƒ,1F503,clockwise-vertical-arrows,clockwise vertical arrows,é¡ºæ—¶é’ˆå‚ç›´ç®­å¤´
ğŸ”…,0x1f505,muted-speaker,muted speaker,é™éŸ³æ‰¬å£°å™¨
ğŸ”ˆ,1F508,speaker-low-volume,speaker low volume,æ‰¬å£°å™¨éŸ³é‡å°
ğŸ”‰,1F509,speaker-medium-volume,speaker medium volume,æ‰¬å£°å™¨ä¸­ç­‰éŸ³é‡
ğŸ”Š,0x1f50a,speaker-high-volume,speaker high volume,æ‰¬å£°å™¨é«˜éŸ³é‡
ğŸ”‹,0x1f50b,bell,bell,é’Ÿ
ğŸ”•,1F515,bell-with-slash,bell with slash,å¸¦æ–œçº¿çš„é’Ÿå½¢
ğŸ”–,0x1f516,bookmark,bookmark,ä¹¦ç­¾
ğŸ”—,0x1f517,water-pistol,water pistol,æ°´æª
ğŸ”¬,0x1f52c,microscope,microscope,æ˜¾å¾®é•œ
ğŸ”­,0x1f52d,telescope,telescope,æœ›è¿œé•œ
ğŸ”®,0x1f52e,crystal-ball,crystal ball,æ°´æ™¶çƒ
ğŸ•‹,0x1f54b,kaaba,kaaba,å¤©æˆ¿
ğŸ•Œ,0x1f54c,menorah,menorah,çƒ›å°
ğŸ•œ,0x1f55c,one-thirty,one thirty,ä¸‰ååˆ†ä¹‹ä¸€
ğŸ•,0x1f55d,twelve-thirty,twelve thirty,åäºŒç‚¹ä¸‰ååˆ†
ğŸ•º,1F57A,man-dancing,man dancing,è·³èˆçš„ç”·äºº
ğŸ–•,0x1f595,middle-finger,middle finger,ä¸­æŒ‡
ğŸ––,0x1f596,vulcan-salute,vulcan salute,ç“¦è‚¯æ•¬ç¤¼
ğŸ–¤,1F5A4,black-heart,black heart,é»‘å¿ƒ
ğŸ—»,0x1f5fb,mount-fuji,mount fuji,å¯Œå£«å±±
ğŸ—¼,0x1f5fc,moai,moai,ç¾ä¸½çš„
ğŸ˜€,1F600,grinning-face,grinning face,ç¬‘è„¸
ğŸ˜,0x1f601,beaming-face-with-smiling-eyes,beaming face with smiling eyes,è„¸ä¸Šå¸¦ç€å¾®ç¬‘çš„çœ¼ç›
ğŸ˜‚,0x1f602,grinning-squinting-face,grinning squinting face,çœ¯ç€çœ¼ç›ç¬‘çš„è„¸
ğŸ˜‡,0x1f607,smiling-face-with-halo,smiling face with halo,å¸¦å…‰ç¯çš„ç¬‘è„¸
ğŸ˜ˆ,0x1f608,smiling-face-with-horns,smiling face with horns,å¸¦è§’çš„ç¬‘è„¸
ğŸ˜‰,0x1f609,winking-face,winking face,çœ¨çœ¼çš„è„¸
ğŸ˜Š,0x1f60a,smiling-face-with-heart-eyes,smiling face with heart eyes,å¾®ç¬‘çš„è„¸å’Œå¿ƒå½¢çš„çœ¼ç›
ğŸ˜,1F60E,smiling-face-with-sunglasses,smiling face with sunglasses,æˆ´ç€å¢¨é•œçš„ç¬‘è„¸
ğŸ˜,1F60F,smirking-face,smirking face,å‚»ç¬‘çš„è„¸
ğŸ˜,1F610,neutral-face,neutral face,ä¸­æ€§é¢å­”
ğŸ˜‘,1F611,expressionless-face,expressionless face,é¢æ— è¡¨æƒ…
ğŸ˜’,0x1f612,unamused-face,unamused face,ä¸é«˜å…´çš„è„¸
ğŸ˜“,0x1f613,pensive-face,pensive face,æ²‰æ€çš„è„¸
ğŸ˜•,1F615,confused-face,confused face,å›°æƒ‘çš„è„¸
ğŸ˜–,1F616,confounded-face,confounded face,å›°æƒ‘çš„è„¸
ğŸ˜—,1F617,kissing-face,kissing face,äº²å»è„¸
ğŸ˜˜,1F618,face-blowing-a-kiss,face blowing a kiss,è„¸é£å»
ğŸ˜™,1F619,kissing-face-with-smiling-eyes,kissing face with smiling eyes,å¸¦ç€å¾®ç¬‘çš„çœ¼ç›äº²å»è„¸
ğŸ˜š,1F61A,kissing-face-with-closed-eyes,kissing face with closed eyes,é—­ç€çœ¼ç›äº²å»è„¸
ğŸ˜›,1F61B,face-with-tongue,face with tongue,ç”¨èˆŒå¤´é¢å¯¹
ğŸ˜œ,0x1f61c,winking-face-with-tongue,winking face with tongue,ç”¨èˆŒå¤´çœ¨çœ¼çš„è„¸
ğŸ˜,0x1f61d,disappointed-face,disappointed face,å¤±æœ›çš„è„¸
ğŸ˜Ÿ,1F61F,worried-face,worried face,æ‹…å¿ƒçš„è„¸
ğŸ˜ ,0x1f620,angry-face,angry face,æ„¤æ€’çš„è„¸
ğŸ˜¡,0x1f621,sad-but-relieved-face,sad but relieved face,æ‚²ä¼¤ä½†å¦‚é‡Šé‡è´Ÿçš„è„¸
ğŸ˜¦,0x1f626,frowning-face-with-open-mouth,frowning face with open mouth,å¼ å¼€å˜´çš±ç€çœ‰å¤´
ğŸ˜§,0x1f627,anguished-face,anguished face,ç—›è‹¦çš„è„¸
ğŸ˜¨,0x1f628,fearful-face,fearful face,ææƒ§çš„è„¸
ğŸ˜©,0x1f629,tired-face,tired face,ç–²æƒ«çš„è„¸
ğŸ˜¬,1F62C,grimacing-face,grimacing face,é¬¼è„¸
ğŸ˜­,1F62D,loudly-crying-face,loudly crying face,å¤§å£°å“­æ³£çš„è„¸
ğŸ˜®,0x1f62e,face-with-open-mouth,face with open mouth,å¼ å¼€å˜´çš„è„¸
ğŸ˜¯,0x1f62f,hushed-face,hushed face,å®‰é™çš„è„¸
ğŸ˜°,0x1f630,anxious-face-with-sweat,anxious face with sweat,æ»¡è„¸ç„¦æ€¥æ»¡å¤´å¤§æ±—
ğŸ˜±,0x1f631,flushed-face,flushed face,è„¸çº¢äº†
ğŸ˜´,1F634,sleeping-face,sleeping face,ç¡è„¸
ğŸ˜µ,1F635,face-with-crossed-out-eyes,face with crossed out eyes,çœ¼ç›è¢«åˆ’æ‰çš„è„¸
ğŸ˜¶,1F636,face-without-mouth,face without mouth,æ²¡æœ‰å˜´çš„è„¸
ğŸ˜·,0x1f637,face-with-medical-mask,face with medical mask,å¸¦ç€åŒ»ç”¨å£ç½©çš„è„¸
ğŸ˜¸,0x1f638,weary-cat,weary cat,ç–²å€¦çš„çŒ«
ğŸ™,0x1f641,slightly-frowning-face,slightly frowning face,å¾®å¾®çš±çœ‰çš„è„¸
ğŸ™‚,0x1f642,face-with-rolling-eyes,face with rolling eyes,ç¿»ç™½çœ¼çš„è„¸
ğŸ™…,0x1f645,person-gesturing-NO,person gesturing NO,æ‰“æ‰‹åŠ¿â€œä¸â€çš„äºº
ğŸ™†,0x1f646,folded-hands,folded hands,åŒæ‰‹åˆå
ğŸš€,1F680,rocket,rocket,ç«ç®­
ğŸš,0x1f681,helicopter,helicopter,ç›´å‡æœº
ğŸš‚,0x1f682,locomotive,locomotive,æœºè½¦
ğŸšƒ,0x1f683,railway-car,railway car,ç«è½¦è½¦å¢
ğŸš„,0x1f684,bullet-train,bullet train,å­å¼¹å¤´åˆ—è½¦
ğŸš†,1F686,train,train,ç«è½¦
ğŸš‡,1F687,metro,metro,åœ°é“
ğŸšˆ,1F688,light-rail,light rail,è½»è½¨
ğŸš‰,1F689,station,station,è½¦ç«™
ğŸšŠ,0x1f68a,tram,tram,ç”µè½¦
ğŸš‹,0x1f68b,tram-car,tram car,æœ‰è½¨ç”µè½¦
ğŸšŒ,1F68C,bus,bus,å…¬å…±æ±½è½¦
ğŸš,1F68D,oncoming-bus,oncoming bus,è¿é¢è€Œæ¥çš„å·´å£«
ğŸš,1F68E,trolleybus,trolleybus,ç”µè½¦
ğŸš,1F68F,bus-stop,bus stop,å…¬äº¤è½¦ç«™
ğŸš,1F690,minibus,minibus,å°å·´
ğŸš‘,0x1f691,ambulance,ambulance,æ•‘æŠ¤è½¦
ğŸš’,0x1f692,police-car,police car,è­¦è½¦
ğŸš”,1F694,oncoming-police-car,oncoming police car,è¿é¢è€Œæ¥çš„è­¦è½¦
ğŸš•,1F695,taxi,taxi,å‡ºç§Ÿè½¦
ğŸš–,1F696,oncoming-taxi,oncoming taxi,è¿é¢è€Œæ¥çš„å‡ºç§Ÿè½¦
ğŸš—,1F697,automobile,automobile,æ±½è½¦
ğŸš˜,1F698,oncoming-automobile,oncoming automobile,è¿é¢è€Œæ¥çš„æ±½è½¦
ğŸš™,0x1f699,sport-utility-vehicle,sport utility vehicle,è¿åŠ¨å‹å¤šç”¨é€”è½¦
ğŸšš,0x1f69a,delivery-truck,delivery truck,é€è´§å¡è½¦
ğŸš›,0x1f69b,articulated-lorry,articulated lorry,é“°æ¥å¼è´§è½¦
ğŸšœ,0x1f69c,aerial-tramway,aerial tramway,ç©ºä¸­ç¼†è½¦
ğŸš¢,1F6A2,ship,ship,èˆ¹
ğŸš£,1F6A3,person-rowing-boat,person rowing boat,åˆ’èˆ¹çš„äºº
ğŸš¤,0x1f6a4,speedboat,speedboat,å¿«è‰‡
ğŸš¥,0x1f6a5,horizontal-traffic-light,horizontal traffic light,æ°´å¹³äº¤é€šç¯
ğŸš¦,1F6A6,vertical-traffic-light,vertical traffic light,å‚ç›´äº¤é€šç¯
ğŸš§,0x1f6a7,construction,construction,å»ºé€ 
ğŸš¨,0x1f6a8,no-smoking,no smoking,ç¦æ­¢æŠ½çƒŸ
ğŸš®,0x1f6ae,litter-in-bin-sign,litter in bin sign,åƒåœ¾æ¡¶æ ‡å¿—ä¸­ä¹±æ‰”åƒåœ¾
ğŸš¯,0x1f6af,non-potable-water,non potable water,éé¥®ç”¨æ°´
ğŸš²,1F6B2,bicycle,bicycle,è‡ªè¡Œè½¦
ğŸš³,0x1f6b3,no-bicycles,no bicycles,è‡ªè¡Œè½¦ç¦è¡Œ
ğŸš´,0x1f6b4,person-mountain-biking,person mountain biking,éª‘å±±åœ°è‡ªè¡Œè½¦çš„äºº
ğŸš¶,1F6B6,person-walking,person walking,è¡Œèµ°çš„äºº
ğŸš·,0x1f6b7,no-pedestrians,no pedestrians,è¡Œäººç¦æ­¢é€šè¡Œ
ğŸš¸,0x1f6b8,children-crossing,children crossing,å„¿ç«¥ç©¿è¶Š
ğŸš¹,0x1f6b9,menâ€™s-room,menâ€™s room,ç”·å•æ‰€
ğŸšº,0x1f6ba,water-closet,water closet,æ´—æ‰‹é—´
ğŸš¿,1F6BF,shower,shower,æ·‹æµ´
ğŸ›€,1F6C0,person-taking-bath,person taking bath,æ´—æ¾¡çš„äºº
ğŸ›,0x1f6c1,bathtub,bathtub,æµ´ç¼¸
ğŸ›‚,0x1f6c2,left-luggage,left luggage,è¡Œæå¯„å­˜
ğŸ›Œ,1F6CC,person-in-bed,person in bed,åºŠä¸Šçš„äºº
ğŸ›,1F6D0,place-of-worship,place of worship,å®—æ•™åœºæ‰€
ğŸ›‘,0x1f6d1,stop-sign,stop sign,åœæ­¢æ ‡å¿—
ğŸ›’,0x1f6d2,shopping-cart,shopping cart,è´­ç‰©è½¦
ğŸ›•,1F6D5,hindu-temple,hindu temple,å°åº¦æ•™å¯ºåº™
ğŸ›–,0x1f6d6,hut,hut,å°å±‹
ğŸ›—,0x1f6d7,elevator,elevator,ç”µæ¢¯
ğŸ›œ,1F6DC,wireless,wireless,æ— çº¿çš„
ğŸ›,0x1f6dd,playground-slide,playground slide,æ¸¸ä¹åœºæ»‘æ¢¯
ğŸ›,0x1f6de,ring-buoy,ring buoy,ç¯å½¢æµ®æ ‡
ğŸ›«,0x1f6eb,airplane-departure,airplane departure,é£æœºèµ·é£
ğŸ›¬,0x1f6ec,airplane-arrival,airplane arrival,é£æœºåˆ°è¾¾
ğŸ›´,0x1f6f4,kick-scooter,kick scooter,è¸¢æ»‘æ¿è½¦
ğŸ›µ,0x1f6f5,canoe,canoe,ç‹¬æœ¨èˆŸ
ğŸ›·,0x1f6f7,sled,sled,é›ªæ©‡
ğŸ›¸,0x1f6f8,flying-saucer,flying saucer,é£ç¢Ÿ
ğŸ›¹,1F6F9,skateboard,skateboard,æ»‘æ¿
ğŸ›º,1F6FA,auto-rickshaw,auto rickshaw,è‡ªåŠ¨äººåŠ›è½¦
ğŸ›»,0x1f6fb,pickup-truck,pickup truck,çš®å¡è½¦
ğŸ›¼,0x1f6fc,roller-skate,roller skate,æºœå†°é‹
ğŸŸ ,0x1f7e0,orange-circle,orange circle,æ©™è‰²åœ†åœˆ
ğŸŸ¡,0x1f7e1,brown-square,brown square,æ£•è‰²æ–¹å—
ğŸŸ°,1F7F0,heavy-equals-sign,heavy equals sign,é‡ç­‰å·
ğŸ¤Œ,1F90C,pinched-fingers,pinched fingers,ææ‰‹æŒ‡
ğŸ¤,0x1f90d,white-heart,white heart,ç™½å¿ƒ
ğŸ¤,0x1f90e,pinching-hand,pinching hand,ææ‰‹
ğŸ¤,0x1f910,zipper-mouth-face,zipper mouth face,æ‹‰é“¾å˜´è„¸
ğŸ¤‘,0x1f911,sign-of-the-horns,sign of the horns,è§’çš„æ ‡å¿—
ğŸ¤™,0x1f919,call-me-hand,call me hand,å«æˆ‘æ‰‹
ğŸ¤š,0x1f91a,crossed-fingers,crossed fingers,äº¤å‰æ‰‹æŒ‡
ğŸ¤Ÿ,1F91F,love-you-gesture,love you gesture,çˆ±ä½ çš„æ‰‹åŠ¿
ğŸ¤ ,0x1f920,cowboy-hat-face,cowboy hat face,ç‰›ä»”å¸½è„¸
ğŸ¤¡,0x1f921,sneezing-face,sneezing face,æ‰“å–·åšçš„è„¸
ğŸ¤¨,0x1f928,face-with-raised-eyebrow,face with raised eyebrow,æ‰¬çœ‰çš„è„¸
ğŸ¤©,0x1f929,exploding-head,exploding head,çˆ†ç‚¸å¤´
ğŸ¤°,1F930,pregnant-woman,pregnant woman,æ€€å­•çš„å¥³äºº
ğŸ¤±,0x1f931,breast-feeding,breast feeding,æ¯ä¹³å–‚å…»
ğŸ¤²,0x1f932,palms-up-together,palms up together,æ‰‹æŒå‘ä¸Šå¹¶æ‹¢
ğŸ¤³,0x1f933,selfie,selfie,è‡ªæ‹
ğŸ¤´,0x1f934,person-fencing,person fencing,äººå‡»å‰‘
ğŸ¤¼,0x1f93c,people-wrestling,people wrestling,äººä»¬æ‘”è·¤
ğŸ¤½,0x1f93d,person-playing-handball,person playing handball,æ‰“æ‰‹çƒçš„äºº
ğŸ¤¿,1F93F,diving-mask,diving mask,æ½œæ°´é¢å…·
ğŸ¥€,0x1f940,wilted-flower,wilted flower,æ¯èçš„èŠ±
ğŸ¥,0x1f941,goal-net,goal net,ä¸è¦ç„å‡†
ğŸ¥‡,0x1f947,1st-place-medal,1st place medal,ç¬¬ä¸€åå¥–ç‰Œ
ğŸ¥ˆ,0x1f948,martial-arts-uniform,martial arts uniform,æ­¦æœ¯æœ
ğŸ¥Œ,1F94C,curling-stone,curling stone,å†°å£¶çŸ³
ğŸ¥,0x1f94d,lacrosse,lacrosse,é•¿æ›²æ£çƒ
ğŸ¥,0x1f94e,flying-disc,flying disc,é£ç›˜
ğŸ¥,0x1f950,croissant,croissant,ç¾Šè§’é¢åŒ…
ğŸ¥‘,0x1f951,pancakes,pancakes,è–„ç…é¥¼
ğŸ¥Ÿ,0x1f95f,dumpling,dumpling,é¥ºå­
ğŸ¥ ,0x1f960,canned-food,canned food,ç½å¤´é£Ÿå“
ğŸ¥¬,0x1f96c,leafy-green,leafy green,ç»¿å¶
ğŸ¥­,0x1f96d,smiling-face-with-hearts,smiling face with hearts,ç¬‘è„¸ä¸å¿ƒ
ğŸ¥±,1F971,yawning-face,yawning face,æ‰“å‘µæ¬ çš„è„¸
ğŸ¥²,1F972,smiling-face-with-tear,smiling face with tear,å«ç€æ³ªæ°´çš„ç¬‘è„¸
ğŸ¥³,0x1f973,partying-face,partying face,æ´¾å¯¹è„¸
ğŸ¥´,0x1f974,cold-face,cold face,å†·è„¸
ğŸ¥·,0x1f977,ninja,ninja,å¿è€…
ğŸ¥¸,0x1f978,disguised-face,disguised face,ä¼ªè£…çš„è„¸
ğŸ¥¹,1F979,face-holding-back-tears,face holding back tears,å¼ºå¿ç€æ³ªæ°´çš„è„¸
ğŸ¥º,1F97A,pleading-face,pleading face,æ³æ±‚çš„è„¸
ğŸ¥»,1F97B,sari,sari,çº±ä¸½
ğŸ¥¼,0x1f97c,lab-coat,lab coat,å®éªŒå·¥ä½œæœ
ğŸ¥½,0x1f97d,flat-shoe,flat shoe,å¹³åº•é‹
ğŸ¦€,0x1f980,crab,crab,èƒèŸ¹
ğŸ¦,0x1f981,unicorn,unicorn,ç‹¬è§’å…½
ğŸ¦…,0x1f985,eagle,eagle,é¹°
ğŸ¦†,0x1f986,squid,squid,ä¹Œè´¼
ğŸ¦’,0x1f992,giraffe,giraffe,é•¿é¢ˆé¹¿
ğŸ¦“,0x1f993,cricket,cricket,èŸ‹èŸ€
ğŸ¦˜,0x1f998,kangaroo,kangaroo,è¢‹é¼ 
ğŸ¦™,0x1f999,swan,swan,å¤©é¹…
ğŸ¦£,0x1f9a3,mammoth,mammoth,é•¿æ¯›è±¡
ğŸ¦¤,0x1f9a4,dodo,dodo,æ¸¡æ¸¡é¸Ÿ
ğŸ¦¥,0x1f9a5,sloth,sloth,æ ‘æ‡’
ğŸ¦¦,0x1f9a6,oyster,oyster,ç‰¡è›
ğŸ¦«,0x1f9ab,beaver,beaver,æµ·ç‹¸
ğŸ¦¬,0x1f9ac,seal,seal,æµ·è±¹
ğŸ¦®,0x1f9ae,guide-dog,guide dog,å¯¼ç›²çŠ¬
ğŸ¦¯,0x1f9af,white-cane,white cane,ç™½æ‰‹æ–
ğŸ¦°,0x1f9b0,red-hair,red hair,çº¢å‘
ğŸ¦±,0x1f9b1,supervillain,supervillain,è¶…çº§æ¶æ£
ğŸ¦º,0x1f9ba,safety-vest,safety vest,å®‰å…¨èƒŒå¿ƒ
ğŸ¦»,0x1f9bb,mechanical-leg,mechanical leg,æœºæ¢°è…¿
ğŸ§€,1F9C0,cheese-wedge,cheese wedge,å¥¶é…ªè§’
ğŸ§,0x1f9c1,cupcake,cupcake,çº¸æ¯è›‹ç³•
ğŸ§‚,0x1f9c2,salt,salt,ç›
ğŸ§ƒ,0x1f9c3,beverage-box,beverage box,é¥®æ–™ç›’
ğŸ§„,0x1f9c4,ice,ice,å†°
ğŸ§‹,1F9CB,bubble-tea,bubble tea,çç å¥¶èŒ¶
ğŸ§Œ,1F9CC,troll,troll,å·¨é­”
ğŸ§,0x1f9cd,person-standing,person standing,ç«™ç€çš„äºº
ğŸ§,0x1f9ce,deaf-person,deaf person,è‹äºº
ğŸ§,0x1f9d0,face-with-monocle,face with monocle,å¸¦å•ç‰‡çœ¼é•œçš„è„¸
ğŸ§‘,0x1f9d1,socks,socks,è¢œå­
ğŸ§§,0x1f9e7,red-envelope,red envelope,çº¢ä¿¡å°
ğŸ§¨,0x1f9e8,nazar-amulet,nazar amulet,çº³æ‰å°”æŠ¤èº«ç¬¦
ğŸ©°,0x1fa70,ballet-shoes,ballet shoes,èŠ­è•¾èˆé‹
ğŸ©±,0x1fa71,shorts,shorts,çŸ­è£¤
ğŸ©´,1FA74,thong-sandal,thong sandal,äººå­—æ‹–å‡‰é‹
ğŸ©µ,0x1fa75,light-blue-heart,light blue heart,æ·¡è“è‰²çš„å¿ƒ
ğŸ©¶,0x1fa76,pink-heart,pink heart,ç²‰çº¢è‰²çš„å¿ƒ
ğŸ©¸,0x1fa78,drop-of-blood,drop of blood,ä¸€æ»´è¡€
ğŸ©¹,0x1fa79,stethoscope,stethoscope,å¬è¯Šå™¨
ğŸ©»,0x1fa7b,x-ray,x ray,Xå°„çº¿
ğŸ©¼,0x1fa7c,crutch,crutch,æ‹æ–
ğŸª€,0x1fa80,yo-yo,yo yo,æ‚ æ‚ çƒ
ğŸª,0x1fa81,parachute,parachute,é™è½ä¼
ğŸªƒ,0x1fa83,boomerang,boomerang,å›æ—‹é•–
ğŸª„,0x1fa84,nesting-dolls,nesting dolls,åµŒå¥—å¨ƒå¨ƒ
ğŸª‡,0x1fa87,maracas,maracas,é©¬æ‹‰å¡æ–¯
ğŸªˆ,0x1fa88,flute,flute,é•¿ç¬›
ğŸª,0x1fa90,ringed-planet,ringed planet,ç¯è¡Œæ˜Ÿ
ğŸª‘,0x1fa91,banjo,banjo,ç­å“ç´
ğŸª–,0x1fa96,military-helmet,military helmet,å†›ç”¨å¤´ç›”
ğŸª—,0x1fa97,rock,rock,å²©çŸ³
ğŸª©,0x1faa9,mirror-ball,mirror ball,é•œé¢çƒ
ğŸªª,0x1faaa,hamsa,hamsa,å“ˆå§†è¨
ğŸª­,0x1faad,folding-hand-fan,folding hand fan,æŠ˜å æ‰‹æ‰‡
ğŸª®,0x1faae,khanda,khanda,å©´å„¿
ğŸª°,0x1fab0,fly,fly,é£
ğŸª±,0x1fab1,feather,feather,ç¾½æ¯›
ğŸª·,0x1fab7,lotus,lotus,è²èŠ±
ğŸª¸,0x1fab8,nest-with-eggs,nest with eggs,ä¸è›‹ç­‘å·¢
ğŸª»,0x1fabb,hyacinth,hyacinth,é£ä¿¡å­
ğŸª¼,0x1fabc,wing,wing,ç¿…è†€
ğŸª¿,1FABF,goose,goose,é¹…
ğŸ«€,0x1fac0,anatomical-heart,anatomical heart,è§£å‰–å¿ƒè„
ğŸ«,0x1fac1,people-hugging,people hugging,äººä»¬æ‹¥æŠ±
ğŸ«ƒ,0x1fac3,pregnant-man,pregnant man,æ€€å­•çš„ç”·äºº
ğŸ«„,0x1fac4,person-with-crown,person with crown,æˆ´çš‡å† çš„äºº
ğŸ«,0x1face,moose,moose,é©¼é¹¿
ğŸ«,0x1facf,donkey,donkey,é©´
ğŸ«,0x1fad0,blueberries,blueberries,è“è“
ğŸ«‘,0x1fad1,teapot,teapot,èŒ¶å£¶
ğŸ«—,0x1fad7,pouring-liquid,pouring liquid,å€¾å€’æ¶²ä½“
ğŸ«˜,0x1fad8,jar,jar,ç½
ğŸ«š,0x1fada,ginger-root,ginger root,å§œæ ¹
ğŸ«›,0x1fadb,pea-pod,pea pod,å¤´èš
ğŸ« ,0x1fae0,melting-face,melting face,èåŒ–çš„è„¸
ğŸ«¡,0x1fae1,bubbles,bubbles,æ°”æ³¡
ğŸ«¨,1FAE8,shaking-face,shaking face,æ‘‡è„¸
ğŸ«°,0x1faf0,hand-with-index-finger-and-thumb-crossed,hand with index finger and thumb crossed,é£ŸæŒ‡å’Œæ‹‡æŒ‡äº¤å‰çš„æ‰‹
ğŸ«±,0x1faf1,heart-hands,heart hands,å¿ƒå½¢æ‰‹
ğŸ«·,0x1faf7,leftwards-pushing-hand,leftwards pushing hand,å‘å·¦æ¨æ‰‹
ğŸ«¸,0x1faf8,rightwards-pushing-hand,rightwards pushing hand,å‘å³æ¨æ‰‹
Â©ï¸,00A9 FE0F,copyright,copyright,ç‰ˆæƒ
Â®ï¸,00AE FE0F,registered,registered,æŒ‚å·çš„
â€¼ï¸,203C FE0F,double-exclamation-mark,double exclamation mark,åŒæ„Ÿå¹å·
â‰ï¸,2049 FE0F,exclamation-question-mark,exclamation question mark,æ„Ÿå¹å·é—®å·
â„¢ï¸,2122 FE0F,trade-mark,trade mark,å•†æ ‡
â„¹ï¸,2139 FE0F,information,information,ä¿¡æ¯
â†”ï¸,2194 FE0F,left-right-arrow,left right arrow,å·¦å³ç®­å¤´
â†•ï¸,2195 FE0F,up-down-arrow,up down arrow,å‘ä¸Šå‘ä¸‹ç®­å¤´
â†–ï¸,2196 FE0F,up-left-arrow,up left arrow,å·¦ä¸Šç®­å¤´
â†—ï¸,2197 FE0F,up-right-arrow,up right arrow,å³ä¸Šç®­å¤´
â†˜ï¸,2198 FE0F,down-right-arrow,down right arrow,å³ä¸‹ç®­å¤´
â†™ï¸,2199 FE0F,down-left-arrow,down left arrow,å·¦ä¸‹ç®­å¤´
â†©ï¸,21A9 FE0F,right-arrow-curving-left,right arrow curving left,å³ç®­å¤´å‘å·¦å¼¯æ›²
â†ªï¸,21AA FE0F,left-arrow-curving-right,left arrow curving right,å·¦ç®­å¤´å‘å³å¼¯æ›²
âŒ¨ï¸,2328 FE0F,keyboard,keyboard,é”®ç›˜
â±ï¸,23F1 FE0F,stopwatch,stopwatch,è·‘è¡¨
â²ï¸,23F2 FE0F,timer-clock,timer clock,å®šæ—¶å™¨æ—¶é’Ÿ
â“‚ï¸,24C2 FE0F,circled-M,circled M,åœ†åœˆä¸­çš„M
â–ªï¸,25AA FE0F,black-small-square,black small square,é»‘è‰²å°æ–¹å—
â–«ï¸,25AB FE0F,white-small-square,white small square,ç™½è‰²å°æ–¹å—
â—»ï¸,25FB FE0F,white-medium-square,white medium square,ç™½è‰²ä¸­æ–¹å½¢
â—¼ï¸,25FC FE0F,black-medium-square,black medium square,é»‘è‰²ä¸­æ–¹å½¢
â˜€ï¸,2600 FE0F,sun,sun,å¤ªé˜³
â˜ï¸,2601 FE0F,cloud,cloud,äº‘
â˜‚ï¸,2602 FE0F,umbrella,umbrella,ä¼
â˜ƒï¸,2603 FE0F,snowman,snowman,é›ªäºº
â˜„ï¸,2604 FE0F,comet,comet,å½—æ˜Ÿ
â˜ï¸,260E FE0F,telephone,telephone,ç”µè¯
â˜‘ï¸,2611 FE0F,check-box-with-check,check box with check,å¸¦å¤é€‰æ ‡è®°çš„å¤é€‰æ¡†
â˜˜ï¸,2618 FE0F,shamrock,shamrock,ä¸‰å¶è‰
â˜ï¸,261D FE0F,index-pointing-up,index pointing up,ç´¢å¼•å‘ä¸Š
â˜ ï¸,2620 FE0F,skull-and-crossbones,skull and crossbones,éª·é«…å’Œäº¤å‰éª¨
â˜¢ï¸,2622 FE0F,radioactive,radioactive,æ”¾å°„æ€§çš„
â˜£ï¸,2623 FE0F,biohazard,biohazard,ç”Ÿç‰©å±å®³
â˜¦ï¸,2626 FE0F,orthodox-cross,orthodox cross,ä¸œæ­£æ•™åå­—æ¶
â˜ªï¸,262A FE0F,star-and-crescent,star and crescent,æ˜Ÿæ˜Ÿå’Œæ–°æœˆ
â˜®ï¸,262E FE0F,peace-symbol,peace symbol,å’Œå¹³è±¡å¾
â˜¯ï¸,262F FE0F,yin-yang,yin yang,yin yang
â˜¸ï¸,2638 FE0F,wheel-of-dharma,wheel of dharma,æ³•è½®
â˜¹ï¸,2639 FE0F,frowning-face,frowning face,çš±çœ‰çš„è„¸
â˜ºï¸,263A FE0F,smiling-face,smiling face,å¾®ç¬‘çš„é¢å­”
â™€ï¸,2640 FE0F,female-sign,female sign,å¥³æ€§æ ‡å¿—
â™‚ï¸,2642 FE0F,male-sign,male sign,ç”·æ€§æ ‡å¿—
â™Ÿï¸,265F FE0F,chess-pawn,chess pawn,å›½é™…è±¡æ£‹æ£‹å­
â™ ï¸,2660 FE0F,spade-suit,spade suit,é»‘æ¡ƒèŠ±è‰²
â™£ï¸,2663 FE0F,club-suit,club suit,ä¿±ä¹éƒ¨å¥—è£…
â™¥ï¸,2665 FE0F,heart-suit,heart suit,å¿ƒå½¢å¥—è£…
â™¦ï¸,2666 FE0F,diamond-suit,diamond suit,é’»çŸ³å¥—è£…
â™¨ï¸,2668 FE0F,hot-springs,hot springs,æ¸©æ³‰
â™»ï¸,267B FE0F,recycling-symbol,recycling symbol,å›æ”¶ç¬¦å·
â™¾ï¸,267E FE0F,infinity,infinity,æ— ç©·
âš’ï¸,2692 FE0F,hammer-and-pick,hammer and pick,é”¤å­å’Œé•
âš”ï¸,2694 FE0F,crossed-swords,crossed swords,äº¤å‰çš„å‰‘
âš•ï¸,2695 FE0F,medical-symbol,medical symbol,åŒ»å­¦ç¬¦å·
âš–ï¸,2696 FE0F,balance-scale,balance scale,å¤©å¹³ç§¤
âš—ï¸,2697 FE0F,alembic,alembic,è’¸é¦å™¨
âš™ï¸,2699 FE0F,gear,gear,é½¿è½®
âš›ï¸,269B FE0F,atom-symbol,atom symbol,åŸå­ç¬¦å·
âšœï¸,269C FE0F,fleur-de-lis,fleur de lis,ç™¾åˆèŠ±
âš ï¸,26A0 FE0F,warning,warning,è­¦å‘Š
âš§ï¸,26A7 FE0F,transgender-symbol,transgender symbol,è·¨æ€§åˆ«ç¬¦å·
âš°ï¸,26B0 FE0F,coffin,coffin,æ£ºæ
âš±ï¸,26B1 FE0F,funeral-urn,funeral urn,éª¨ç°ç›’
â›ˆï¸,26C8 FE0F,cloud-with-lightning-and-rain,cloud with lightning and rain,äº‘ä¸é—ªç”µå’Œé›¨
â›ï¸,26CF FE0F,pick,pick,æŒ‘é€‰
â›‘ï¸,26D1 FE0F,rescue-workerâ€™s-helmet,rescue workerâ€™s helmet,æ•‘æ´äººå‘˜çš„å¤´ç›”
â›“ï¸,26D3 FE0F,chains,chains,é“¾æ¡
â›©ï¸,26E9 FE0F,shinto-shrine,shinto shrine,ç¥ç¤¾
â›°ï¸,26F0 FE0F,mountain,mountain,å±±
â›±ï¸,26F1 FE0F,umbrella-on-ground,umbrella on ground,åœ°ä¸Šçš„ä¼
â›´ï¸,26F4 FE0F,ferry,ferry,æ¸¡èˆ¹
â›·ï¸,26F7 FE0F,skier,skier,æ»‘é›ªè€…
â›¸ï¸,26F8 FE0F,ice-skate,ice skate,æ»‘å†°
â›¹ï¸,26F9 FE0F,person-bouncing-ball,person bouncing ball,äººå¼¹çƒ
âœ‚ï¸,2702 FE0F,scissors,scissors,å‰ªåˆ€
âœˆï¸,2708 FE0F,airplane,airplane,é£æœº
âœ‰ï¸,2709 FE0F,envelope,envelope,ä¿¡å°
âœŒï¸,270C FE0F,victory-hand,victory hand,èƒœåˆ©ä¹‹æ‰‹
âœï¸,270D FE0F,writing-hand,writing hand,å†™å­—çš„æ‰‹
âœï¸,270F FE0F,pencil,pencil,é“…ç¬”
âœ’ï¸,2712 FE0F,black-nib,black nib,é»‘è‰²ç¬”å°–
âœ”ï¸,2714 FE0F,check-mark,check mark,å¤é€‰æ ‡è®°
âœ–ï¸,2716 FE0F,multiply,multiply,ä¹˜
âœï¸,271D FE0F,latin-cross,latin cross,æ‹‰ä¸åå­—
âœ¡ï¸,2721 FE0F,star-of-David,star of David,å¤§å«ä¹‹æ˜Ÿ
âœ³ï¸,2733 FE0F,eight-spoked-asterisk,eight spoked asterisk,å…«è¾æ˜Ÿå·
âœ´ï¸,2734 FE0F,eight-pointed-star,eight pointed star,å…«è§’æ˜Ÿ
â„ï¸,2744 FE0F,snowflake,snowflake,é›ªèŠ±
â‡ï¸,2747 FE0F,sparkle,sparkle,ç«èŠ±
â£ï¸,2763 FE0F,heart-exclamation,heart exclamation,å¿ƒä¸­æ„Ÿå¹
â¤ï¸,2764 FE0F,red-heart,red heart,çº¢å¿ƒ
â¡ï¸,27A1 FE0F,right-arrow,right arrow,å³ç®­å¤´
â¤´ï¸,2934 FE0F,right-arrow-curving-up,right arrow curving up,å³ç®­å¤´å‘ä¸Šå¼¯æ›²
â¤µï¸,2935 FE0F,right-arrow-curving-down,right arrow curving down,å³ç®­å¤´å‘ä¸‹å¼¯æ›²
â¬…ï¸,2B05 FE0F,left-arrow,left arrow,å·¦ç®­å¤´
â¬†ï¸,2B06 FE0F,up-arrow,up arrow,å‘ä¸Šç®­å¤´
â¬‡ï¸,2B07 FE0F,down-arrow,down arrow,å‘ä¸‹ç®­å¤´
ã€°ï¸,3030 FE0F,wavy-dash,wavy dash,æ³¢æµªç ´æŠ˜å·
ã€½ï¸,303D FE0F,part-alternation-mark,part alternation mark,é›¶ä»¶äº¤æ›¿æ ‡è®°
ğŸŒ¡ï¸,1F321 FE0F,thermometer,thermometer,æ¸©åº¦è®¡
ğŸŒ¤ï¸,1F324 FE0F,sun-behind-small-cloud,sun behind small cloud,å°äº‘æœµåé¢çš„å¤ªé˜³
ğŸŒ¥ï¸,1F325 FE0F,sun-behind-large-cloud,sun behind large cloud,å¤ªé˜³åœ¨å¤§äº‘åé¢
ğŸŒ¦ï¸,1F326 FE0F,sun-behind-rain-cloud,sun behind rain cloud,å¤ªé˜³åœ¨é›¨äº‘åé¢
ğŸŒ§ï¸,1F327 FE0F,cloud-with-rain,cloud with rain,äº‘æœ‰é›¨
ğŸŒ¨ï¸,1F328 FE0F,cloud-with-snow,cloud with snow,äº‘ä¸é›ª
ğŸŒ©ï¸,1F329 FE0F,cloud-with-lightning,cloud with lightning,äº‘ä¸é—ªç”µ
ğŸŒªï¸,1F32A FE0F,tornado,tornado,é¾™å·é£
ğŸŒ«ï¸,1F32B FE0F,fog,fog,å¤šé›¾è·¯æ®µ
ğŸŒ¬ï¸,1F32C FE0F,wind-face,wind face,é£è„¸
ğŸŒ¶ï¸,1F336 FE0F,hot-pepper,hot pepper,è¾£æ¤’
ğŸ½ï¸,1F37D FE0F,fork-and-knife-with-plate,fork and knife with plate,å¸¦ç›˜å­çš„å‰å­å’Œåˆ€å­
ğŸ–ï¸,1F396 FE0F,military-medal,military medal,å†›äº‹å¥–ç« 
ğŸ—ï¸,1F397 FE0F,reminder-ribbon,reminder ribbon,æé†’ä¸å¸¦
ğŸ™ï¸,1F399 FE0F,studio-microphone,studio microphone,å½•éŸ³å®¤éº¦å…‹é£
ğŸšï¸,1F39A FE0F,level-slider,level slider,æ°´å¹³æ»‘å—
ğŸ›ï¸,1F39B FE0F,control-knobs,control knobs,æ§åˆ¶æ—‹é’®
ğŸï¸,1F39E FE0F,film-frames,film frames,èƒ¶ç‰‡å¸§
ğŸŸï¸,1F39F FE0F,admission-tickets,admission tickets,é—¨ç¥¨
ğŸ‹ï¸,1F3CB FE0F,person-lifting-weights,person lifting weights,ä¸¾é‡çš„äºº
ğŸŒï¸,1F3CC FE0F,person-golfing,person golfing,æ‰“é«˜å°”å¤«çƒçš„äºº
ğŸï¸,1F3CD FE0F,motorcycle,motorcycle,æ‘©æ‰˜è½¦
ğŸï¸,1F3CE FE0F,racing-car,racing car,èµ›è½¦
ğŸ”ï¸,1F3D4 FE0F,snow-capped-mountain,snow capped mountain,é›ªå±±
ğŸ•ï¸,1F3D5 FE0F,camping,camping,é‡è¥
ğŸ–ï¸,1F3D6 FE0F,beach-with-umbrella,beach with umbrella,å¸¦ä¼çš„æµ·æ»©
ğŸ—ï¸,1F3D7 FE0F,building-construction,building construction,å»ºç­‘æ–½å·¥
ğŸ˜ï¸,1F3D8 FE0F,houses,houses,æˆ¿å±‹
ğŸ™ï¸,1F3D9 FE0F,cityscape,cityscape,åŸå¸‚æ™¯è§‚
ğŸšï¸,1F3DA FE0F,derelict-house,derelict house,åºŸå¼ƒçš„æˆ¿å­
ğŸ›ï¸,1F3DB FE0F,classical-building,classical building,å¤å…¸å»ºç­‘
ğŸœï¸,1F3DC FE0F,desert,desert,æ²™æ¼ 
ğŸï¸,1F3DD FE0F,desert-island,desert island,æ²™æ¼ è’å²›
ğŸï¸,1F3DE FE0F,national-park,national park,å›½å®¶å…¬å›­
ğŸŸï¸,1F3DF FE0F,stadium,stadium,ä½“è‚²åœº
ğŸ³ï¸,1F3F3 FE0F,white-flag,white flag,ç™½æ——
ğŸµï¸,1F3F5 FE0F,rosette,rosette,ç«ç‘°èŠ±ç»“
ğŸ·ï¸,1F3F7 FE0F,label,label,æ ‡ç­¾
ğŸ¿ï¸,1F43F FE0F,chipmunk,chipmunk,èŠ±æ —é¼ 
ğŸ‘ï¸,1F441 FE0F,eye,eye,çœ¼ç›
ğŸ“½ï¸,1F4FD FE0F,film-projector,film projector,ç”µå½±æ”¾æ˜ æœº
ğŸ•‰ï¸,1F549 FE0F,om,om,å…³äº
ğŸ•Šï¸,1F54A FE0F,dove,dove,åœ¨å“ªé‡Œ
ğŸ•¯ï¸,1F56F FE0F,candle,candle,èœ¡çƒ›
ğŸ•°ï¸,1F570 FE0F,mantelpiece-clock,mantelpiece clock,å£ç‚‰å°é’Ÿ
ğŸ•³ï¸,1F573 FE0F,hole,hole,æ´
ğŸ•´ï¸,1F574 FE0F,person-in-suit-levitating,person in suit levitating,ç©¿ç€è¥¿è£…çš„äººæ‚¬æµ®
ğŸ•µï¸,1F575 FE0F,detective,detective,ä¾¦æ¢
ğŸ•¶ï¸,1F576 FE0F,sunglasses,sunglasses,å¤ªé˜³é•œ
ğŸ•·ï¸,1F577 FE0F,spider,spider,èœ˜è››
ğŸ•¸ï¸,1F578 FE0F,spider-web,spider web,èœ˜è››ç½‘
ğŸ•¹ï¸,1F579 FE0F,joystick,joystick,æ“çºµæ†
ğŸ–‡ï¸,1F587 FE0F,linked-paperclips,linked paperclips,é“¾æ¥çš„å›å½¢é’ˆ
ğŸ–Šï¸,1F58A FE0F,pen,pen,ç¬”
ğŸ–‹ï¸,1F58B FE0F,fountain-pen,fountain pen,é’¢ç¬”
ğŸ–Œï¸,1F58C FE0F,paintbrush,paintbrush,ç”»ç¬”
ğŸ–ï¸,1F58D FE0F,crayon,crayon,èœ¡ç¬”
ğŸ–ï¸,1F590 FE0F,hand-with-fingers-splayed,hand with fingers splayed,æ‰‹æŒ‡å¼ å¼€çš„æ‰‹
ğŸ–¥ï¸,1F5A5 FE0F,desktop-computer,desktop computer,å°å¼ç”µè„‘
ğŸ–¨ï¸,1F5A8 FE0F,printer,printer,æ‰“å°æœº
ğŸ–±ï¸,1F5B1 FE0F,computer-mouse,computer mouse,ç”µè„‘é¼ æ ‡
ğŸ–²ï¸,1F5B2 FE0F,trackball,trackball,è½¨è¿¹çƒ
ğŸ–¼ï¸,1F5BC FE0F,framed-picture,framed picture,å¸¦æ¡†çš„å›¾ç‰‡
ğŸ—‚ï¸,1F5C2 FE0F,card-index-dividers,card index dividers,å¡ç‰‡ç´¢å¼•åˆ†éš”çº¿
ğŸ—ƒï¸,1F5C3 FE0F,card-file-box,card file box,å¡ç‰‡æ–‡ä»¶ç›’
ğŸ—„ï¸,1F5C4 FE0F,file-cabinet,file cabinet,æ–‡ä»¶æŸœ
ğŸ—‘ï¸,1F5D1 FE0F,wastebasket,wastebasket,åºŸçº¸ç¯“
ğŸ—’ï¸,1F5D2 FE0F,spiral-notepad,spiral notepad,èºæ—‹è®°äº‹æœ¬
ğŸ—“ï¸,1F5D3 FE0F,spiral-calendar,spiral calendar,èºæ—‹æ—¥å†
ğŸ—œï¸,1F5DC FE0F,clamp,clamp,å¤¹é’³
ğŸ—ï¸,1F5DD FE0F,old-key,old key,æ—§é’¥åŒ™
ğŸ—ï¸,1F5DE FE0F,rolled-up-newspaper,rolled up newspaper,å·èµ·çš„æŠ¥çº¸
ğŸ—¡ï¸,1F5E1 FE0F,dagger,dagger,åŒ•é¦–
ğŸ—£ï¸,1F5E3 FE0F,speaking-head,speaking head,è¯´è¯çš„å¤´
ğŸ—¨ï¸,1F5E8 FE0F,left-speech-bubble,left speech bubble,å·¦è¾¹çš„è¯­éŸ³æ°”æ³¡
ğŸ—¯ï¸,1F5EF FE0F,right-anger-bubble,right anger bubble,å³æ„¤æ€’æ³¡æ²«
ğŸ—³ï¸,1F5F3 FE0F,ballot-box-with-ballot,ballot box with ballot,å¸¦é€‰ç¥¨çš„æŠ•ç¥¨ç®±
ğŸ—ºï¸,1F5FA FE0F,world-map,world map,ä¸–ç•Œåœ°å›¾
ğŸ›‹ï¸,1F6CB FE0F,couch-and-lamp,couch and lamp,æ²™å‘å’Œç¯
ğŸ›ï¸,1F6CD FE0F,shopping-bags,shopping bags,è´­ç‰©è¢‹
ğŸ›ï¸,1F6CE FE0F,bellhop-bell,bellhop bell,ä¾è€…é“ƒ
ğŸ›ï¸,1F6CF FE0F,bed,bed,åºŠ
ğŸ› ï¸,1F6E0 FE0F,hammer-and-wrench,hammer and wrench,é”¤å­å’Œæ‰³æ‰‹
ğŸ›¡ï¸,1F6E1 FE0F,shield,shield,ç›¾
ğŸ›¢ï¸,1F6E2 FE0F,oil-drum,oil drum,æ²¹æ¡¶
ğŸ›£ï¸,1F6E3 FE0F,motorway,motorway,é«˜é€Ÿå…¬è·¯
ğŸ›¤ï¸,1F6E4 FE0F,railway-track,railway track,é“è·¯è½¨é“
ğŸ›¥ï¸,1F6E5 FE0F,motor-boat,motor boat,æ‘©æ‰˜è‰‡
ğŸ›©ï¸,1F6E9 FE0F,small-airplane,small airplane,å°é£æœº
ğŸ›°ï¸,1F6F0 FE0F,satellite,satellite,å«æ˜Ÿ
ğŸ›³ï¸,1F6F3 FE0F,passenger-ship,passenger ship,å®¢èˆ¹
#ï¸âƒ£,0023 FE0F 20E3,keycap:-\x{23},keycap: \x{23},é”®å¸½ï¼š\x{23}
*ï¸âƒ£,002A FE0F 20E3,keycap:-*,keycap: *,é”®å¸½ï¼š*
0ï¸âƒ£,0030 FE0F 20E3,keycap:-0,keycap: 0,é”®å¸½ï¼š0
1ï¸âƒ£,0031 FE0F 20E3,keycap:-1,keycap: 1,é”®å¸½ï¼š1
2ï¸âƒ£,0032 FE0F 20E3,keycap:-2,keycap: 2,é”®å¸½ï¼š2
3ï¸âƒ£,0033 FE0F 20E3,keycap:-3,keycap: 3,é”®å¸½ï¼š3
4ï¸âƒ£,0034 FE0F 20E3,keycap:-4,keycap: 4,é”®å¸½ï¼š4
5ï¸âƒ£,0035 FE0F 20E3,keycap:-5,keycap: 5,é”®å¸½ï¼š5
6ï¸âƒ£,0036 FE0F 20E3,keycap:-6,keycap: 6,é”®å¸½ï¼š6
7ï¸âƒ£,0037 FE0F 20E3,keycap:-7,keycap: 7,é”®å¸½ï¼š7
8ï¸âƒ£,0038 FE0F 20E3,keycap:-8,keycap: 8,é”®å¸½ï¼š8
9ï¸âƒ£,0039 FE0F 20E3,keycap:-9,keycap: 9,é”®å¸½ï¼š9
